{
 "$schema": "https://schema.management.azure.com/schemas/2015-01-01/deploymentParameters.json#",
 "contentVersion": "1.0.0.0",
 "parameters": {
   "adminUsername": {
     "value": "mySqlAdmin"
   },
   "adminPassword": {
     "value": "ChangeMe7823462B!"
   },
   "storageAccountName": {
     "value": "mckessontest"
   },
   "virtualNetworkName": {
     "value": "McKessonVNET"
   },
   "subnetName": {
     "value": "DB-Subnet"
   },
   "imagePublisher": {
     "value": "openlogic"
   },
   "imageOffer": {
     "value": "CentOS"
   },
   "imageSku": {
     "value": "7.1"
   },
   "vmSize": {
     "value": "Standard_A1"
   }
 }
}
