{
  "$schema": "https://schema.management.azure.com/schemas/2015-01-01/deploymentTemplate.json#",
  "contentVersion": "1.0.0.0",
  "parameters": {
    "virtualNetworkName": {
      "type": "string",
      "defaultValue": "McKessonVNET",
      "metadata": {
        "description": "This is your Virtual Network"
      }
    },
    "addressPrefix": {
      "type": "string",
      "defaultValue": "10.0.0.0/16",
      "metadata": {
        "description": "The CIDR address space for your Virtual Network in Azure"
      }
    },
    "DmzSubnetPrefix": {
      "type": "string",
      "defaultValue": "10.0.0.0/24",
      "metadata": {
        "description": "This is CIDR prefix for the DMZ Subnet"
      }
    },
    "AppSubnetPrefix": {
      "type": "string",
      "defaultValue": "10.0.1.0/24",
      "metadata": {
        "description": "This is CIDR prefix for the Application Subnet"
      }
    },
    "DBSubnetPrefix": {
      "type": "string",
      "defaultValue": "10.0.2.0/24",
      "metadata": {
        "description": "This is CIDR prefix for the Database Subnet"
      }
    },
    "DMZNSGName": {
      "type": "string",
      "defaultValue": "DMZnsg",
      "metadata": {
        "description": "This is name of the networkSecurityGroup that will be assigned to DMZ Subnet"
      }
    },
    "AppNSGName": {
      "type": "string",
      "defaultValue": "appnsg",
      "metadata": {
        "description": "This is name of the networkSecurityGroup that will be assigned to Application Subnet"
      }
    },
    "DBNSGName": {
      "type": "string",
      "defaultValue": "dbnsg",
      "metadata": {
        "description": "This is name of the networkSecurityGroup that will be assigned to Database Subnet"
      }
    }
  },
  "variables": {
  "apiVersion": "2015-06-15",
  },

  "resources": [
    {
      "apiVersion": "[variables('apiVersion')]",
      "type": "Microsoft.Network/networkSecurityGroups",
      "name": "[parameters('DMZNSGName')]",
      "location": "[resourceGroup().location]",
      "properties": {
        "securityRules": [
          {
            "name": "rdp_rule",
            "properties": {
              "description": "Allow RDP",
              "protocol": "Tcp",
              "sourcePortRange": "*",
              "destinationPortRange": "3389",
              "sourceAddressPrefix": "Internet",
              "destinationAddressPrefix": "*",
              "access": "Allow",
              "priority": 100,
              "direction": "Inbound"
            }
          },
          {
            "name": "web_rule",
            "properties": {
              "description": "Allow WEB",
              "protocol": "Tcp",
              "sourcePortRange": "*",
              "destinationPortRange": "80",
              "sourceAddressPrefix": "Internet",
              "destinationAddressPrefix": "*",
              "access": "Allow",
              "priority": 110,
              "direction": "Inbound"
            }
          }
        ]
      }
    },
    {
      "apiVersion": "[variables('apiVersion')]",
      "type": "Microsoft.Network/networkSecurityGroups",
      "name": "[parameters('AppNSGName')]",
      "location": "[resourceGroup().location]",
      "properties": {
        "securityRules": [
          {
            "name": "Allow_DMZ",
            "properties": {
              "description": "Allow DMZ Subnet",
              "protocol": "Tcp",
              "sourcePortRange": "*",
              "destinationPortRange": "443",
              "sourceAddressPrefix": "[parameters('DMZSubnetPrefix')]",
              "destinationAddressPrefix": "*",
              "access": "Allow",
              "priority": 100,
              "direction": "Inbound"
            }
          },
          {
            "name": "Block_RDP_Internet",
            "properties": {
              "description": "Block RDP",
              "protocol": "tcp",
              "sourcePortRange": "*",
              "destinationPortRange": "3389",
              "sourceAddressPrefix": "Internet",
              "destinationAddressPrefix": "*",
              "access": "Deny",
              "priority": 110,
              "direction": "Inbound"
            }
          },
          {
            "name": "Block_Internet_Outbound",
            "properties": {
              "description": "Block Internet",
              "protocol": "*",
              "sourcePortRange": "*",
              "destinationPortRange": "*",
              "sourceAddressPrefix": "*",
              "destinationAddressPrefix": "Internet",
              "access": "Deny",
              "priority": 200,
              "direction": "Outbound"
            }
          }
        ]
      }
    },
    {
      "apiVersion": "[variables('apiVersion')]",
      "type": "Microsoft.Network/networkSecurityGroups",
      "name": "[parameters('DBNSGName')]",
      "location": "[resourceGroup().location]",
      "properties": {
        "securityRules": [
          {
            "name": "Allow_App",
            "properties": {
              "description": "Allow APP Subnet",
              "protocol": "Tcp",
              "sourcePortRange": "*",
              "destinationPortRange": "1433",
              "sourceAddressPrefix": "[parameters('AppSubnetPrefix')]",
              "destinationAddressPrefix": "*",
              "access": "Allow",
              "priority": 100,
              "direction": "Inbound"
            }
          },
          {
            "name": "Block_FE",
            "properties": {
              "description": "Block DMZ Subnet",
              "protocol": "*",
              "sourcePortRange": "*",
              "destinationPortRange": "*",
              "sourceAddressPrefix": "[parameters('DMZSubnetPrefix')]",
              "destinationAddressPrefix": "*",
              "access": "Deny",
              "priority": 110,
              "direction": "Inbound"
            }
          },
          {
            "name": "Block_App",
            "properties": {
              "description": "Block App Subnet",
              "protocol": "*",
              "sourcePortRange": "*",
              "destinationPortRange": "*",
              "sourceAddressPrefix": "[parameters('AppSubnetPrefix')]",
              "destinationAddressPrefix": "*",
              "access": "Deny",
              "priority": 120,
              "direction": "Inbound"
            }
          },
          {
            "name": "Block_Internet",
            "properties": {
              "description": "Block Internet",
              "protocol": "*",
              "sourcePortRange": "*",
              "destinationPortRange": "*",
              "sourceAddressPrefix": "*",
              "destinationAddressPrefix": "Internet",
              "access": "Deny",
              "priority": 200,
              "direction": "Outbound"
            }
          }
        ]
      }
    }
  ]
}
