{
  "$schema": "https://schema.management.azure.com/schemas/2015-01-01/deploymentTemplate.json#",
  "contentVersion": "1.0.0.0",
  "parameters": {
    "adminUsername": {
      "type": "string",
      "metadata": {
        "description": "User name for the Virtual Machine."
      }
    },
    "adminPassword": {
      "type": "securestring",
      "metadata": {
        "description": "Password for the Virtual Machine."
      }
    },
  	"vmSize": {
      "type": "string",
      "defaultValue": "Standard_A1",
      "allowedValues": [
	    "Standard_A1",
		  "Standard_A2",
		  "Standard_A3",
      "Standard_D1",
      "Standard_D3",
		  "Standard_D4"
      ],
      "metadata": {
        "description": "The size of the virtual machines used when provisioning"
      }
    },
    "imagePublisher": {
      "type": "string",
      "defaultValue": "openlogic",
      "metadata": {
        "description": "openlogic is the CentOS Distributor in Azure Market Place"
      }
    },
    "imageOffer": {
      "type": "string",
      "defaultValue": "CentOS",
      "metadata": {
        "description": "New CentOS Image Offer"
      }
    },
    "imageSku": {
      "type": "string",
      "defaultValue": "7.2",
      "allowedValues": [
        "6.5",
        "6.6",
        "7.1",
        "7.2"
      ],
      "metadata": {
        "description": "The CentOS version for the VM. This will pick a fully patched image of this given CentOS version."
      }
    },
	 "storageAccountName": {
      "type": "string",
      "metadata": {
        "description": "Storage Account Name"
      }
    },
    "virtualNetworkName": {
      "type": "string",
      "metadata": {
        "description": "Virtual Network Name"
      }
    },
    "subnetName": {
      "type": "string",
      "metadata": {
        "description": "Subnet Name"
      }
    }
  },
  "variables": {
    "OSDiskName": "osdiskforlinux",
    "nicName": "myVMNicDB",
	  "apiVersion": "2015-06-15",
    "vmStorageAccountContainerName": "vhds",
    "location" : "[resourceGroup().location]",
    "vmName": "mySqlVM",
    "vnetID": "[resourceId('Microsoft.Network/virtualNetworks',parameters('virtualNetworkName'))]",
    "subnetRef": "[concat(variables('vnetID'),'/subnets/',parameters('subnetName'))]"
  },
  "resources": [
    {
      "apiVersion": "[variables('apiVersion')]",
      "type": "Microsoft.Network/networkInterfaces",
      "name": "[variables('nicName')]",
      "location": "[variables('location')]",
      "properties": {
        "ipConfigurations": [
          {
            "name": "ipconfig1",
            "properties": {
              "privateIPAllocationMethod": "Dynamic",
              "subnet": {
                "id": "[variables('subnetRef')]"
              }
            }
          }
        ]
      }
    },
    {
      "apiVersion": "[variables('apiVersion')]",
      "type": "Microsoft.Compute/virtualMachines",
      "name": "[variables('vmName')]",
      "location": "[variables('location')]",
      "dependsOn": [
        "[concat('Microsoft.Network/networkInterfaces/', variables('nicName'))]"
      ],
      "properties": {
        "hardwareProfile": {
          "vmSize": "[parameters('vmSize')]"
        },
        "osProfile": {
          "computerName": "[variables('vmName')]",
          "adminUsername": "[parameters('adminUsername')]",
          "adminPassword": "[parameters('adminPassword')]"
        },
        "storageProfile": {
          "imageReference": {
            "publisher": "[parameters('imagePublisher')]",
            "offer": "[parameters('imageOffer')]",
            "sku": "[parameters('imageSku')]",
            "version": "latest"
          },
          "osDisk": {
            "name": "osdisk",
            "vhd": {
              "uri": "[concat('http://',parameters('storageAccountName'),'.blob.core.windows.net/',variables('vmStorageAccountContainerName'),'/',variables('OSDiskName'),'.vhd')]"
            },
            "caching": "ReadWrite",
            "createOption": "FromImage"
          }
        },
        "networkProfile": {
          "networkInterfaces": [
            {
              "id": "[resourceId('Microsoft.Network/networkInterfaces',variables('nicName'))]"
            }
          ]
        }
      }
    }
  ]
}
