{
    "$schema": "http://schema.management.azure.com/schemas/2015-01-01/deploymentParameters.json#",
    "contentVersion": "1.0.0.0",
    "parameters": {
      "virtualNetworkName": {
          "value": "McKessonVNET"
      },
      "addressPrefix": {
          "value": "10.0.0.0/16"
      },
      "DMZSubnetPrefix": {
          "value": "10.0.0.0/24"
      },
      "AppSubnetPrefix": {
          "value": "10.0.1.0/24"
      },
      "DBSubnetPrefix": {
          "value": "10.0.2.0/24"
      },
      "DMZNSGName": {
          "value": "DMZnsg"
      },
      "AppNSGName": {
          "value": "appnsg"
      },
      "DBNSGName": {
          "value": "dbnsg"
      }
    }
}
