﻿{
  "$schema": "https://schema.management.azure.com/schemas/2015-01-01/deploymentTemplate.json#",
  "contentVersion": "1.0.0.0",
  "parameters": {
  },
  "variables": {
    "storageAccountName": "mckessontest",
    "location": "[resourceGroup().location]",
    "addressPrefix": "10.0.0.0/16",
    "subnet1Name": "DMZ-Subnet",
    "subnet2Name": "APP-Subnet",
	  "subnet3Name": "DB-Subnet",
    "subnet1Prefix": "10.0.0.0/24",
    "subnet2Prefix": "10.0.1.0/24",
	  "subnet3Prefix": "10.0.2.0/24",
    "storageAccountType": "Standard_LRS",
    "virtualNetworkName": "McKessonVNET",
    "vnetID": "[resourceId('Microsoft.Network/virtualNetworks',variables('virtualNetworkName'))]",
    "subnet1Ref": "[concat(variables('vnetID'),'/subnets/',variables('subnet1Name'))]",
    "subnet2Ref": "[concat(variables('vnetID'),'/subnets/',variables('subnet2Name'))]",
    "apiVersion": "2015-06-15",
    "sharedBaseUrl" : "https://raw.githubusercontent.com/NimboCloud/ARM-Templates/master/templates/",
    "secondTemplate" : {
      "templateUrl" : "[concat(variables('sharedBaseUrl'),'azuredeploy-web.json')]",
      "paramUrl" : "[concat(variables('sharedBaseUrl'),'azuredeploy-web.parameters.json')]"
    },
    "thirdTemplate" : {
      "templateUrl" : "[concat(variables('sharedBaseUrl'),'azuredeploy-db.json')]",
      "paramUrl" : "[concat(variables('sharedBaseUrl'),'azuredeploy-db.parameters.json')]"
    },
	  "fourthTemplate" : {
      "templateUrl" : "[concat(variables('sharedBaseUrl'),'azuredeploy-nsg.json')]",
      "paramUrl" : "[concat(variables('sharedBaseUrl'),'azuredeploy-nsg.parameters.json')]"
    }
  },
  "resources": [
    {
      "type": "Microsoft.Storage/storageAccounts",
      "name": "[variables('storageAccountName')]",
      "apiVersion": "[variables('apiVersion')]",
      "location": "[variables('location')]",
      "properties": {
        "accountType": "[variables('storageAccountType')]"
      }
    },
    {
      "apiVersion": "[variables('apiVersion')]",
      "type": "Microsoft.Network/virtualNetworks",
      "name": "[variables('virtualNetworkName')]",
      "location": "[variables('location')]",
      "properties": {
        "addressSpace": {
          "addressPrefixes": [
            "[variables('addressPrefix')]"
          ]
        },
        "subnets": [
          {
            "name": "[variables('subnet1Name')]",
            "properties": {
              "addressPrefix": "[variables('subnet1Prefix')]"
            }
          },
          {
            "name": "[variables('subnet2Name')]",
            "properties": {
              "addressPrefix": "[variables('subnet2Prefix')]"
            }
          },
		  {
            "name": "[variables('subnet3Name')]",
            "properties": {
              "addressPrefix": "[variables('subnet3Prefix')]"
            }
          }
        ]
      }
    },
    {
      "apiVersion": "2015-01-01",
      "name": "APPserversLinked",
      "type": "Microsoft.Resources/deployments",
      "dependsOn": [
        "[concat('Microsoft.Storage/storageAccounts/', variables('storageAccountName'))]",
        "[concat('Microsoft.Network/virtualNetworks/', variables('virtualNetworkName'))]"
      ],
      "properties": {
        "mode": "Incremental",
        "templateLink": {
          "uri": "[variables('secondTemplate').templateUrl]",
          "contentVersion": "1.0.0.0"
        },
        "parametersLink": {
          "uri": "[variables('secondTemplate').paramUrl]",
          "contentVersion": "1.0.0.0"
        }
      }
    },
    {
      "apiVersion": "2015-01-01",
      "name": "DBserversLinked",
      "type": "Microsoft.Resources/deployments",
      "dependsOn": [
        "[concat('Microsoft.Storage/storageAccounts/', variables('storageAccountName'))]",
        "[concat('Microsoft.Network/virtualNetworks/', variables('virtualNetworkName'))]"
      ],
      "properties": {
        "mode": "Incremental",
        "templateLink": {
          "uri": "[variables('thirdTemplate').templateUrl]",
          "contentVersion": "1.0.0.0"
        },
        "parametersLink": {
          "uri": "[variables('thirdTemplate').paramUrl]",
          "contentVersion": "1.0.0.0"
        }
      }
    },
	{
      "apiVersion": "2015-01-01",
      "name": "NSGLinked",
      "type": "Microsoft.Resources/deployments",
      "dependsOn": [
        "[concat('Microsoft.Network/virtualNetworks/', variables('virtualNetworkName'))]"
      ],
      "properties": {
        "mode": "Incremental",
        "templateLink": {
          "uri": "[variables('fourthTemplate').templateUrl]",
          "contentVersion": "1.0.0.0"
        },
        "parametersLink": {
          "uri": "[variables('fourthTemplate').paramUrl]",
          "contentVersion": "1.0.0.0"
        }
      }
    }
  ]
}
